Date,Time,Task
24-February-2025,10:00,Meeting
24-February-2025,08:00,Watch TV
24-February-2025,09:00,Meeting
24-February-2025,11:00,Work on Project
24-February-2025,12:00,Sleep
24-February-2025,13:00,Morning Exercise
24-February-2025,14:00,Breakfast
24-February-2025,15:00,Sleep
24-February-2025,16:00,Work on Project
24-February-2025,17:00,Work on Project
24-February-2025,18:00,Sleep
24-February-2025,19:00,Work on Project
24-February-2025,20:00,Meeting
24-February-2025,21:00,Reading
25-February-2025,08:00,Breakfast
25-February-2025,09:00,Work on Project
25-February-2025,10:00,Sleep
25-February-2025,11:00,Afternoon Walk
25-February-2025,12:00,Work on Project
25-February-2025,13:00,Work on Project
25-February-2025,14:00,Morning Exercise
25-February-2025,15:00,Sleep
25-February-2025,16:00,Work on Project
25-February-2025,17:00,Work on Project
25-February-2025,18:00,Meeting
25-February-2025,19:00,Sleep
25-February-2025,20:00,Reading
25-February-2025,21:00,Meeting
26-February-2025,08:00,Work on Project
26-February-2025,09:00,Sleep
26-February-2025,10:00,Meeting
26-February-2025,11:00,Meeting
26-February-2025,12:00,Watch TV
26-February-2025,13:00,Morning Exercise
26-February-2025,14:00,Work on Project
26-February-2025,15:00,Afternoon Walk
26-February-2025,16:00,Meeting
26-February-2025,17:00,Reading
26-February-2025,18:00,Sleep
26-February-2025,19:00,Work on Project
26-February-2025,20:00,Watch TV
26-February-2025,21:00,Dinner
